"","ID","mean","Name","AA.pos","wtAA","resAA","Gene","genotype","Type","ref","mut","Need_both","pos","extra","MR","EstSC"
"79","V36M",0.00158644198581767,"V36M",36,"V","M","NS3","1A","Ts","g","a","n",3525,"n",3.17851546061467e-06,0.00200354976042596
"76","V36A",0.00584839887804503,"V36A",36,"V","A","NS3","1A","Ts","t","c","n",3526,"n",1.13531762126136e-05,0.00194124519366037
"77","V36G",0.000270652847232146,"V36G",36,"V","G","NS3","1A","Tv2","t","g","n",3526,"n",1.0416234307115e-06,0.00384855892470281
"78","V36L",5.3336323571368e-05,"V36L",36,"V","L","NS3","1A","Tv1","g","c","n",3525,"n",5.20132822733677e-07,0.00975194366439038
"72","T54A",0.0045239156023507,"T54A",54,"T","A","NS3","1A","Ts","a","g","n",3579,"n",1.32331497290293e-05,0.00292515397991801
"73","T54S",8.69792576433006e-05,"T54S",54,"T","S","NS3","1A","Tv2","c","g","n",3580,"n",4.1157059582388e-07,0.0047318246553876
"80","V55A",0.00604108688950437,"V55A",55,"V","A","NS3","1A","Ts","t","c","n",3583,"n",1.13531762126136e-05,0.00187932675365725
"81","Y56H",0.00338441987415128,"Y56H",56,"Y","H","NS3","1A","Ts","t","c","n",3585,"n",1.13531762126136e-05,0.00335454129061356
"59","Q80K",0.00134166216598098,"Q80K",80,"Q","K","NS3","1A","Tv1","c","a","n",3657,"n",7.642130626127e-07,0.000569601708977114
"60","Q80R",0.00505797786418929,"Q80R",80,"Q","R","NS3","1A","Ts","a","g","n",3658,"n",1.32331497290293e-05,0.00261629253514939
"66","S122G",0.00844645578988504,"S122G",122,"S","G","NS3","1A","Ts","a","g","n",3783,"n",1.32331497290293e-05,0.0015667103526282
"67","S122R.3785.Tv1",0.000188803629118599,"S122R",122,"S","R","NS3","1A","Tv1","c","a","n",3785,"y",7.642130626127e-07,0.00404766087484819
"68","S122R.3785.Tv2",6.47581585900507e-05,"S122R",122,"S","R","NS3","1A","Tv2","c","g","n",3785,"y",4.1157059582388e-07,0.00635550183613641
"64","S122D.3783",0.00844645578988504,"S122D",122,"S","D","NS3","1A","Ts","a","g","y",3783,"n",1.32331497290293e-05,0.0015667103526282
"65","S122D.3784",0.00297904270973997,"S122D",122,"S","D","NS3","1A","Ts","g","a","y",3784,"n",3.17851546061467e-06,0.00106695867441663
"69","S122T",4.64062814465114e-05,"S122T",122,"S","T","NS3","1A","Tv1","g","c","n",3784,"n",5.20132822733677e-07,0.011208241783673
"29","I132V",0.00279424713486644,"I132V",132,"I","V","NS3","1A","Ts","a","g","n",3813,"n",1.32331497290293e-05,0.00473585516610427
"61","R155G",0.00425078319422594,"R155G",155,"R","G","NS3","1A","Ts","a","g","n",3882,"n",1.32331497290293e-05,0.00311310860243462
"62","R155K",0.0028725964577873,"R155K",155,"R","K","NS3","1A","Ts","g","a","n",3883,"n",3.17851546061467e-06,0.0011064956415991
"63","R155T",1.74491443363495e-05,"R155T",155,"R","T","NS3","1A","Tv1","g","c","n",3883,"n",5.20132822733677e-07,0.029808500216836
"2","A156T",0.00221774483471068,"A156T",156,"A","T","NS3","1A","Ts","g","a","n",3885,"n",3.17851546061467e-06,0.0014332196431558
"1","A156G",0.000210258181894059,"A156G",156,"A","G","NS3","1A","Tv2","c","g","n",3886,"n",4.1157059582388e-07,0.00195745341330524
"3","A156V",0.00213988859359588,"A156V",156,"A","V","NS3","1A","Ts","c","t","n",3886,"n",4.25323028215578e-06,0.00198759425835746
"13","D168H",2.85471115931401e-05,"D168H",168,"D","H","NS3","1A","Tv1","g","c","n",3921,"n",5.20132822733677e-07,0.0182201558653894
"23","D168V",0.000457473626128363,"D168V",168,"D","V","NS3","1A","Tv2","a","t","n",3922,"n",1.39389705971685e-06,0.00304694517914293
"21","D168T.3921",0.00122579764288741,"D168T",168,"D","T","NS3","1A","Ts","g","a","y",3921,"n",3.17851546061467e-06,0.00259301808830988
"22","D168T.3922",0.000249707258913106,"D168T",168,"D","T","NS3","1A","Tv1","a","c","y",3922,"n",1.71436713428787e-06,0.00686550780201565
"14","D168K.3921",0.00122579764288741,"D168K",168,"D","K","NS3","1A","Ts","g","a","y",3921,"n",3.17851546061467e-06,0.00259301808830988
"15","D168K.3923.Tv1",0.000193044278599892,"D168K",168,"D","K","NS3","1A","Tv1","c","a","y",3923,"y",7.642130626127e-07,0.00395874494781907
"16","D168K.3923.Tv2",3.67843599350169e-05,"D168K",168,"D","K","NS3","1A","Tv2","c","g","y",3923,"y",4.1157059582388e-07,0.011188738815925
"17","D168L.3921",2.85471115931401e-05,"D168L",168,"D","L","NS3","1A","Tv1","g","c","y",3921,"n",5.20132822733677e-07,0.0182201558653894
"18","D168L.3922",0.000457473626128363,"D168L",168,"D","L","NS3","1A","Tv2","a","t","y",3922,"n",1.39389705971685e-06,0.00304694517914293
"19","D168R.3921",2.85471115931401e-05,"D168R",168,"D","R","NS3","1A","Tv1","g","c","y",3921,"n",5.20132822733677e-07,0.0182201558653894
"20","D168R.3922",0.00532843528718367,"D168R",168,"D","R","NS3","1A","Ts","a","g","y",3922,"n",1.32331497290293e-05,0.00248349637666777
"9","D168A",0.000249707258913106,"D168A",168,"D","A","NS3","1A","Tv1","a","c","n",3922,"n",1.71436713428787e-06,0.00686550780201565
"10","D168E.3923.Tv1",0.000193044278599892,"D168E",168,"D","E","NS3","1A","Tv1","c","a","n",3923,"y",7.642130626127e-07,0.00395874494781907
"11","D168E.3923.Tv2",3.67843599350169e-05,"D168E",168,"D","E","NS3","1A","Tv2","c","g","n",3923,"y",4.1157059582388e-07,0.011188738815925
"12","D168G",0.00532843528718367,"D168G",168,"D","G","NS3","1A","Ts","a","g","n",3922,"n",1.32331497290293e-05,0.00248349637666777
"24","D168Y",0.00100704720955942,"D168Y",168,"D","Y","NS3","1A","Tv2","g","t","n",3921,"n",9.11681257982753e-07,0.000905301409237422
"30","I170T",0.00351165990151199,"I170T",170,"I","T","NS3","1A","Ts","t","c","n",3928,"n",1.13531762126136e-05,0.00323299423378823
"35","L175M.3942",0.00148352576526295,"L175M",175,"L","M","NS3","1A","Tv1","c","a","y",3942,"n",7.642130626127e-07,0.000515132989602809
"36","L175M.3944",0.00980553280453287,"L175M",175,"L","M","NS3","1A","Ts","a","g","y",3944,"n",1.32331497290293e-05,0.00134955947757494
"33","K24R",0.00431308319557458,"K24R",24,"K","R","NS5A","1A","Ts","a","g","n",6328,"n",1.32331497290293e-05,0.0030681415425993
"31","K24N.6329.Tv1",0.000324495810681334,"K24N",24,"K","N","NS5A","1A","Tv1","g","c","n",6329,"y",5.20132822733677e-07,0.00160289533982448
"32","K24N.6329.Tv2",0.000625208291365954,"K24N",24,"K","N","NS5A","1A","Tv2","g","t","n",6329,"y",9.11681257982753e-07,0.00145820404267338
"46","M28A.6339",0.00915283497686586,"M28A",24,"M","A","NS5A","1A","Ts","a","g","y",6339,"n",1.32331497290293e-05,0.0014457979153428
"47","M28A.6340",0.00433849495172607,"M28A",24,"M","A","NS5A","1A","Ts","t","c","y",6340,"n",1.13531762126136e-05,0.00261684670350872
"51","M28V",0.00915283497686586,"M28V",24,"M","V","NS5A","1A","Ts","a","g","n",6339,"n",1.32331497290293e-05,0.0014457979153428
"50","M28T",0.00433849495172607,"M28T",24,"M","T","NS5A","1A","Ts","t","c","n",6340,"n",1.13531762126136e-05,0.00261684670350872
"48","M28G.6339",0.00915283497686586,"M28G",28,"M","G","NS5A","1A","Ts","a","g","y",6339,"n",1.32331497290293e-05,0.0014457979153428
"49","M28G.6340",0.00015185198239358,"M28G",28,"M","G","NS5A","1A","Tv2","t","g","y",6340,"n",1.0416234307115e-06,0.0068594654761355
"55","Q30H.6347.Tv1",0.00196082546739071,"Q30H",30,"Q","H","NS5A","1A","Tv1","a","c","n",6347,"y",1.71436713428787e-06,0.000874308888169021
"56","Q30H.6347.Tv2",0.000369699910773603,"Q30H",30,"Q","H","NS5A","1A","Tv2","a","t","n",6347,"y",1.39389705971685e-06,0.00377034729816433
"53","Q30G.6345",0.000223867960019962,"Q30G",30,"Q","G","NS5A","1A","Tv1","c","g","y",6345,"n",7.642130626127e-07,0.00341367769887462
"54","Q30G.6346",0.00422873397468393,"Q30G",30,"Q","G","NS5A","1A","Ts","a","g","y",6346,"n",1.32331497290293e-05,0.00312934079283585
"57","Q30K",0.000223867960019962,"Q30K",30,"Q","K","NS5A","1A","Tv1","c","a","n",6345,"n",7.642130626127e-07,0.00341367769887462
"52","Q30E",4.86270482638069e-05,"Q30E",30,"Q","E","NS5A","1A","Tv2","c","g","n",6345,"n",4.1157059582388e-07,0.00846382025063635
"58","Q30R",0.00422873397468393,"Q30R",30,"Q","R","NS5A","1A","Ts","a","g","n",6346,"n",1.32331497290293e-05,0.00312934079283585
"37","L31F.6348",0.00487628980542114,"L31F",31,"L","F","NS5A","1A","Ts","c","t","y",6348,"n",4.25323028215578e-06,0.000872226723979226
"38","L31F.6350.Tv1",0.000216900009381404,"L31F",31,"L","F","NS5A","1A","Tv1","g","c","y",6350,"y",5.20132822733677e-07,0.0023980304298607
"39","L31F.6350.Tv2",0.000693608784731653,"L31F",31,"L","F","NS5A","1A","Tv2","g","t","y",6350,"y",9.11681257982753e-07,0.00131440269796391
"44","L31M",0.00068006492557203,"L31M",31,"L","M","NS5A","1A","Tv1","c","a","n",6348,"n",7.642130626127e-07,0.00112373544624418
"40","L31I.6348",0.00068006492557203,"L31I",31,"L","I","NS5A","1A","Tv1","c","a","y",6348,"n",7.642130626127e-07,0.00112373544624418
"41","L31I.6350.Ts",0.00460328715953117,"L31I",31,"L","I","NS5A","1A","Ts","g","a","y",6350,"y",3.17851546061467e-06,0.00069048819907607
"42","L31I.6350.Tv1",0.000216900009381404,"L31I",31,"L","I","NS5A","1A","Tv1","g","c","y",6350,"y",5.20132822733677e-07,0.0023980304298607
"43","L31I.6350.Tv2",0.000693608784731653,"L31I",31,"L","I","NS5A","1A","Tv2","g","t","y",6350,"y",9.11681257982753e-07,0.00131440269796391
"45","L31V",3.25929039254699e-05,"L31V",31,"L","V","NS5A","1A","Tv2","c","g","n",6348,"n",4.1157059582388e-07,0.0126276135678188
"71","S38F",0.0014099496876942,"S38F",38,"S","F","NS5A","1A","Ts","c","t","n",6370,"n",4.25323028215578e-06,0.00301658301659786
"28","H58D",0.000113759945687756,"H58D",58,"H ","D","NS5A","1A","Tv2","c","g","n",6429,"n",4.1157059582388e-07,0.00361788671166866
"26","E62L.6441",3.03701911752931e-05,"E62L",62,"E","D","NS5A","1A","Tv1","g","c","y",6441,"n",5.20132822733677e-07,0.0171264257024769
"27","E62L.6442",0.000794730825865807,"E62L",62,"E","D","NS5A","1A","Tv2","a","t","y",6442,"n",1.39389705971685e-06,0.00175392348497152
"4","A92T",0.00265438857746435,"A92T",92,"A","T","NS5A","1A","Ts","g","a","n",6531,"n",3.17851546061467e-06,0.00119745672792602
"83","Y93H",0.0029134687850402,"Y93H",93,"Y","H","NS5A","1A","Ts","t","c","n",6534,"n",1.13531762126136e-05,0.00389679006375795
"84","Y93N",0.00103072851262838,"Y93N",93,"Y","N","NS5A","1A","Tv1","t","a","n",6534,"n",1.05738463206168e-06,0.00102586143597146
"85","Y93R.6534",0.0029134687850402,"Y93R",93,"Y","R","NS5A","1A","Ts","t","c","y",6534,"n",1.13531762126136e-05,0.00389679006375795
"86","Y93R.6535",0.00293705189332514,"Y93R",93,"Y","R","NS5A","1A","Ts","a","g","y",6535,"n",1.32331497290293e-05,0.00450558934934159
"82","Y93C",0.00293705189332514,"Y93C",93,"Y","C","NS5A","1A","Ts","a","g","n",6535,"n",1.32331497290293e-05,0.00450558934934159
"87","Y93S",9.39719281351667e-05,"Y93S",93,"Y","S","NS5A","1A","Tv1","a","c","n",6535,"n",1.71436713428787e-06,0.0182433963877167
"34","L159F",0.00151604625352095,"L159F",159,"L","F","NS5B","1A","Ts","c","t","n",8076,"n",4.25323028215578e-06,0.00280547527641577
"25","E237G",0.00571795912951806,"E237G",237,"E","G","NS5B","1A","Ts","a","g","n",8311,"n",1.32331497290293e-05,0.00231431345158017
"70","S282T",1.96207815046631e-05,"S282T",282,"S","T","NS5B","1A","Tv1","g","c","n",8446,"n",5.20132822733677e-07,0.0265092816313184
"8","C316Y",0.00129068764593852,"C316Y",316,"C","Y","NS5B","1A","Ts","g","a","n",8548,"n",3.17851546061467e-06,0.00246265273446808
"5","C316F",0.000120626539916934,"C316F",315,"C","F","NS5B","1A","Tv2","g","t","n",8548,"n",9.11681257982753e-07,0.00755788285571781
"6","C316N.8547",0.000650227455474476,"C316N",316,"C","N","NS5B","1A","Tv1","t","a","y",8547,"n",1.05738463206168e-06,0.00162617653739352
"7","C316N.8548",0.00129068764593852,"C316N",316,"C","N","NS5B","1A","Ts","g","a","y",8548,"n",3.17851546061467e-06,0.00246265273446808
"75","V321I",0.000924331004855696,"V321I",321,"V","I","NS5B","1A","Ts","g","a","n",8562,"n",3.17851546061467e-06,0.00343871994330742
"74","V321A",0.00305863333167018,"V321A",321,"V","A","NS5B","1A","Ts","t","c","n",8563,"n",1.13531762126136e-05,0.00371184610298291
