"","ID","mean","X","Name","AA.pos","wtAA","resAA","Gene","genotype","merged.pos","Type","ref","mut","Need_both","pos.1A","extra","MR","EstSC"
"79","V36M",0.00158644198581767,1,"V36M",36,"V","M","NS3","1A",3543,"Ts","g","a","n",3525,"n",3.17118130026209e-06,0.00199892673580978
"76","V36A",0.00584839887804503,6,"V36A",36,"V","A","NS3","1A",3544,"Ts","t","c","n",3526,"n",1.1326285575967e-05,0.00193664724519493
"77","V36G",0.000270652847232146,10,"V36G",36,"V","G","NS3","1A",3544,"Tv2","t","g","n",3526,"n",1.03590518379724e-06,0.00382743131798173
"78","V36L",5.3336323571368e-05,14,"V36L",36,"V","L","NS3","1A",3543,"Tv1","g","c","n",3525,"n",5.17366294491199e-07,0.00970007416800906
"72","T54A",0.0045239156023507,20,"T54A",54,"T","A","NS3","1A",3597,"Ts","a","g","n",3579,"n",1.31533193023948e-05,0.0029075076678177
"73","T54S",8.69792576433006e-05,21,"T54S",54,"T","S","NS3","1A",3598,"Tv2","c","g","n",3580,"n",4.09255248372188e-07,0.00470520511971408
"80","V55A",0.00604108688950437,26,"V55A",55,"V","A","NS3","1A",3601,"Ts","t","c","n",3583,"n",1.1326285575967e-05,0.00187487546250079
"81","Y56H",0.00338441987415128,29,"Y56H",56,"Y","H","NS3","1A",3603,"Ts","t","c","n",3585,"n",1.1326285575967e-05,0.00334659587082331
"59","Q80K",0.00134166216598098,32,"Q80K",80,"Q","K","NS3","1A",3675,"Tv1","c","a","n",3657,"n",7.63506397084679e-07,0.000569074999984389
"60","Q80R",0.00505797786418929,35,"Q80R",80,"Q","R","NS3","1A",3676,"Ts","a","g","n",3658,"n",1.31533193023948e-05,0.0026005094635785
"66","S122G",0.00844645578988504,38,"S122G",122,"S","G","NS3","1A",3801,"Ts","a","g","n",3783,"n",1.31533193023948e-05,0.00155725900065048
"67","S122R.3803.Tv1",0.000188803629118599,42,"S122R",122,"S","R","NS3","1A",3803,"Tv1","c","a","n",3785,"y",7.63506397084679e-07,0.0040439180149714
"68","S122R.3803.Tv2",6.47581585900507e-05,42,"S122R",122,"S","R","NS3","1A",3803,"Tv2","c","g","n",3785,"y",4.09255248372188e-07,0.00631974807935729
"64","S122D.3801",0.00844645578988504,44,"S122D",122,"S","D","NS3","1A",3801,"Ts","a","g","y",3783,"n",1.31533193023948e-05,0.00155725900065048
"65","S122D.3802",0.00297904270973997,45,"S122D",122,"S","D","NS3","1A",3802,"Ts","g","a","y",3784,"n",3.17118130026209e-06,0.00106449675591892
"69","S122T",4.64062814465114e-05,50,"S122T",122,"S","T","NS3","1A",3802,"Tv1","g","c","n",3784,"n",5.17366294491199e-07,0.0111486264006635
"29","I132V",0.00279424713486644,53,"I132V",132,"I","V","NS3","1A",3831,"Ts","a","g","n",3813,"n",1.31533193023948e-05,0.00470728560057143
"61","R155G",0.00425078319422594,56,"R155G",155,"R","G","NS3","1A",3900,"Ts","a","g","n",3882,"n",1.31533193023948e-05,0.00309432843346648
"62","R155K",0.0028725964577873,59,"R155K",155,"R","K","NS3","1A",3901,"Ts","g","a","n",3883,"n",3.17118130026209e-06,0.00110394249483437
"63","R155T",1.74491443363495e-05,63,"R155T",155,"R","T","NS3","1A",3901,"Tv1","g","c","n",3883,"n",5.17366294491199e-07,0.0296499521419762
"2","A156T",0.00221774483471068,67,"A156T",156,"A","T","NS3","1A",3903,"Ts","g","a","n",3885,"n",3.17118130026209e-06,0.00142991260790189
"1","A156G",0.000210258181894059,70,"A156G",156,"A","G","NS3","1A",3904,"Tv2","c","g","n",3886,"n",4.09255248372188e-07,0.00194644148772482
"3","A156V",0.00213988859359588,73,"A156V",156,"A","V","NS3","1A",3904,"Ts","c","t","n",3886,"n",4.23741020625174e-06,0.00198020131465404
"13","D168H",2.85471115931401e-05,76,"D168H",168,"D","H","NS3","1A",3939,"Tv1","g","c","n",3921,"n",5.17366294491199e-07,0.0181232448965353
"23","D168V",0.000457473626128363,79,"D168V",168,"D","V","NS3","1A",3940,"Tv2","a","t","n",3922,"n",1.39583757814606e-06,0.00305118699401132
"21","D168T.3939",0.00122579764288741,81,"D168T",168,"D","T","NS3","1A",3939,"Ts","g","a","y",3921,"n",3.17118130026209e-06,0.00258703491450046
"22","D168T.3940",0.000249707258913106,82,"D168T",168,"D","T","NS3","1A",3940,"Tv1","a","c","y",3922,"n",1.70256410683462e-06,0.00681824034369416
"14","D168K.3939",0.00122579764288741,87,"D168K",168,"D","K","NS3","1A",3939,"Ts","g","a","y",3921,"n",3.17118130026209e-06,0.00258703491450046
"15","D168K.3941.Tv1",0.000193044278599892,88,"D168K",168,"D","K","NS3","1A",3941,"Tv1","c","a","y",3923,"y",7.63506397084679e-07,0.00395508430823345
"16","D168K.3941.Tv2",3.67843599350169e-05,88,"D168K",168,"D","K","NS3","1A",3941,"Tv2","c","g","y",3923,"y",4.09255248372188e-07,0.0111257950143805
"17","D168L.3939",2.85471115931401e-05,92,"D168L",168,"D","L","NS3","1A",3939,"Tv1","g","c","y",3921,"n",5.17366294491199e-07,0.0181232448965353
"18","D168L.3940",0.000457473626128363,93,"D168L",168,"D","L","NS3","1A",3940,"Tv2","a","t","y",3922,"n",1.39583757814606e-06,0.00305118699401132
"19","D168R.3939",2.85471115931401e-05,97,"D168R",168,"D","R","NS3","1A",3939,"Tv1","g","c","y",3921,"n",5.17366294491199e-07,0.0181232448965353
"20","D168R.3940",0.00532843528718367,98,"D168R",168,"D","R","NS3","1A",3940,"Ts","a","g","y",3922,"n",1.31533193023948e-05,0.0024685144124828
"9","D168A",0.000249707258913106,102,"D168A",168,"D","A","NS3","1A",3940,"Tv1","a","c","n",3922,"n",1.70256410683462e-06,0.00681824034369416
"10","D168E.3941.Tv1",0.000193044278599892,104,"D168E",168,"D","E","NS3","1A",3941,"Tv1","c","a","n",3923,"y",7.63506397084679e-07,0.00395508430823345
"11","D168E.3941.Tv2",3.67843599350169e-05,104,"D168E",168,"D","E","NS3","1A",3941,"Tv2","c","g","n",3923,"y",4.09255248372188e-07,0.0111257950143805
"12","D168G",0.00532843528718367,107,"D168G",168,"D","G","NS3","1A",3940,"Ts","a","g","n",3922,"n",1.31533193023948e-05,0.0024685144124828
"24","D168Y",0.00100704720955942,109,"D168Y",168,"D","Y","NS3","1A",3939,"Tv2","g","t","n",3921,"n",9.06216645248999e-07,0.000899875037283971
"30","I170T",0.00351165990151199,112,"I170T",170,"I","T","NS3","1A",3946,"Ts","t","c","n",3928,"n",1.1326285575967e-05,0.00322533670504092
"35","L175M.3960",0.00148352576526295,116,"L175M",175,"L","M","NS3","1A",3960,"Tv1","c","a","y",3942,"n",7.63506397084679e-07,0.000514656647671602
"36","L175M.3962",0.00980553280453287,117,"L175M",175,"L","M","NS3","1A",3962,"Ts","a","g","y",3944,"n",1.31533193023948e-05,0.00134141811205958
"33","K24R",0.00431308319557458,121,"K24R",24,"K","R","NS5A","1A",6346,"Ts","a","g","n",6328,"n",1.31533193023948e-05,0.00304963264234984
"31","K24N.6347.Tv1",0.000324495810681334,124,"K24N",24,"K","N","NS5A","1A",6347,"Tv1","g","c","n",6329,"y",5.17366294491199e-07,0.00159436971899545
"32","K24N.6347.Tv2",0.000625208291365954,124,"K24N",24,"K","N","NS5A","1A",6347,"Tv2","g","t","n",6329,"y",9.06216645248999e-07,0.00144946357520163
"46","M28A.6357",0.00915283497686586,125,"M28A",24,"M","A","NS5A","1A",6357,"Ts","a","g","y",6339,"n",1.31533193023948e-05,0.00143707598089994
"47","M28A.6358",0.00433849495172607,126,"M28A",24,"M","A","NS5A","1A",6358,"Ts","t","c","y",6340,"n",1.1326285575967e-05,0.00261064855485445
"51","M28V",0.00915283497686586,127,"M28V",24,"M","V","NS5A","1A",6357,"Ts","a","g","n",6339,"n",1.31533193023948e-05,0.00143707598089994
"50","M28T",0.00433849495172607,128,"M28T",24,"M","T","NS5A","1A",6358,"Ts","t","c","n",6340,"n",1.1326285575967e-05,0.00261064855485445
"48","M28G.6357",0.00915283497686586,129,"M28G",28,"M","G","NS5A","1A",6357,"Ts","a","g","y",6339,"n",1.31533193023948e-05,0.00143707598089994
"49","M28G.6358",0.00015185198239358,130,"M28G",28,"M","G","NS5A","1A",6358,"Tv2","t","g","y",6340,"n",1.03590518379724e-06,0.0068218087605357
"55","Q30H.6365.Tv1",0.00196082546739071,140,"Q30H",30,"Q","H","NS5A","1A",6365,"Tv1","a","c","n",6347,"y",1.70256410683462e-06,0.000868289470505625
"56","Q30H.6365.Tv2",0.000369699910773603,140,"Q30H",30,"Q","H","NS5A","1A",6365,"Tv2","a","t","n",6347,"y",1.39583757814606e-06,0.0037755961996995
"53","Q30G.6363",0.000223867960019962,144,"Q30G",30,"Q","G","NS5A","1A",6363,"Tv1","c","g","y",6345,"n",7.63506397084679e-07,0.00341052108134008
"54","Q30G.6364",0.00422873397468393,145,"Q30G",30,"Q","G","NS5A","1A",6364,"Ts","a","g","y",6346,"n",1.31533193023948e-05,0.0031104627013994
"57","Q30K",0.000223867960019962,149,"Q30K",30,"Q","K","NS5A","1A",6363,"Tv1","c","a","n",6345,"n",7.63506397084679e-07,0.00341052108134008
"52","Q30E",4.86270482638069e-05,152,"Q30E",30,"Q","E","NS5A","1A",6363,"Tv2","c","g","n",6345,"n",4.09255248372188e-07,0.00841620585629493
"58","Q30R",0.00422873397468393,154,"Q30R",30,"Q","R","NS5A","1A",6364,"Ts","a","g","n",6346,"n",1.31533193023948e-05,0.0031104627013994
"37","L31F.6366",0.00487628980542114,155,"L31F",31,"L","F","NS5A","1A",6366,"Ts","c","t","y",6348,"n",4.23741020625174e-06,0.00086898243856238
"38","L31F.6368.Tv1",0.000216900009381404,156,"L31F",31,"L","F","NS5A","1A",6368,"Tv1","g","c","y",6350,"y",5.17366294491199e-07,0.00238527557452266
"39","L31F.6368.Tv2",0.000693608784731653,156,"L31F",31,"L","F","NS5A","1A",6368,"Tv2","g","t","y",6350,"y",9.06216645248999e-07,0.00130652417500681
"44","L31M",0.00068006492557203,160,"L31M",31,"L","M","NS5A","1A",6366,"Tv1","c","a","n",6348,"n",7.63506397084679e-07,0.0011226963314458
"40","L31I.6366",0.00068006492557203,165,"L31I",31,"L","I","NS5A","1A",6366,"Tv1","c","a","y",6348,"n",7.63506397084679e-07,0.0011226963314458
"41","L31I.6368.Ts",0.00460328715953117,166,"L31I",31,"L","I","NS5A","1A",6368,"Ts","g","a","y",6350,"y",3.17118130026209e-06,0.000688894954922836
"42","L31I.6368.Tv1",0.000216900009381404,166,"L31I",31,"L","I","NS5A","1A",6368,"Tv1","g","c","y",6350,"y",5.17366294491199e-07,0.00238527557452266
"43","L31I.6368.Tv2",0.000693608784731653,166,"L31I",31,"L","I","NS5A","1A",6368,"Tv2","g","t","y",6350,"y",9.06216645248999e-07,0.00130652417500681
"45","L31V",3.25929039254699e-05,169,"L31V",31,"L","V","NS5A","1A",6366,"Tv2","c","g","n",6348,"n",4.09255248372188e-07,0.0125565751768554
"71","S38F",0.0014099496876942,172,"S38F",38,"S","F","NS5A","1A",6388,"Ts","c","t","n",6370,"n",4.23741020625174e-06,0.00300536270424054
"28","H58D",0.000113759945687756,176,"H58D",58,"H ","D","NS5A","1A",6447,"Tv2","c","g","n",6429,"n",4.09255248372188e-07,0.00359753378834671
"26","E62L.6459",3.03701911752931e-05,183,"E62L",62,"E","D","NS5A","1A",6459,"Tv1","g","c","y",6441,"n",5.17366294491199e-07,0.0170353321618893
"27","E62L.6460",0.000794730825865807,184,"E62L",62,"E","D","NS5A","1A",6460,"Tv2","a","t","y",6442,"n",1.39583757814606e-06,0.00175636521538646
"4","A92T",0.00265438857746435,188,"A92T",92,"A","T","NS5A","1A",6549,"Ts","g","a","n",6531,"n",3.17118130026209e-06,0.00119469369601169
"83","Y93H",0.0029134687850402,191,"Y93H",93,"Y","H","NS5A","1A",6552,"Ts","t","c","n",6534,"n",1.1326285575967e-05,0.00388756029723885
"84","Y93N",0.00103072851262838,194,"Y93N",93,"Y","N","NS5A","1A",6552,"Tv1","t","a","n",6534,"n",1.05940391841533e-06,0.00102782052250968
"85","Y93R.6552",0.0029134687850402,197,"Y93R",93,"Y","R","NS5A","1A",6552,"Ts","t","c","y",6534,"n",1.1326285575967e-05,0.00388756029723885
"86","Y93R.6553",0.00293705189332514,198,"Y93R",93,"Y","R","NS5A","1A",6553,"Ts","a","g","y",6535,"n",1.31533193023948e-05,0.00447840888759492
"82","Y93C",0.00293705189332514,203,"Y93C",93,"Y","C","NS5A","1A",6553,"Ts","a","g","n",6535,"n",1.31533193023948e-05,0.00447840888759492
"87","Y93S",9.39719281351667e-05,206,"Y93S",93,"Y","S","NS5A","1A",6553,"Tv1","a","c","n",6535,"n",1.70256410683462e-06,0.0181177947565969
"34","L159F",0.00151604625352095,209,"L159F",159,"L","F","NS5B","1A",8109,"Ts","c","t","n",8076,"n",4.23741020625174e-06,0.00279504018852363
"25","E237G",0.00571795912951806,212,"E237G",237,"E","G","NS5B","1A",8344,"Ts","a","g","n",8311,"n",1.31533193023948e-05,0.00230035210194016
"70","S282T",1.96207815046631e-05,215,"S282T",282,"S","T","NS5B","1A",8479,"Tv1","g","c","n",8446,"n",5.17366294491199e-07,0.0263682817306865
"8","C316Y",0.00129068764593852,218,"C316Y",316,"C","Y","NS5B","1A",8581,"Ts","g","a","n",8548,"n",3.17118130026209e-06,0.00245697036788182
"5","C316F",0.000120626539916934,221,"C316F",315,"C","F","NS5B","1A",8581,"Tv2","g","t","n",8548,"n",9.06216645248999e-07,0.00751258094506434
"6","C316N.8580",0.000650227455474476,224,"C316N",316,"C","N","NS5B","1A",8580,"Tv1","t","a","y",8547,"n",1.05940391841533e-06,0.00162928204506879
"7","C316N.8581",0.00129068764593852,225,"C316N",316,"C","N","NS5B","1A",8581,"Ts","g","a","y",8548,"n",3.17118130026209e-06,0.00245697036788182
"75","V321I",0.000924331004855696,230,"V321I",321,"V","I","NS5B","1A",8595,"Ts","g","a","n",8562,"n",3.17118130026209e-06,0.00343078538272895
"74","V321A",0.00305863333167018,233,"V321A",321,"V","A","NS5B","1A",8596,"Ts","t","c","n",8563,"n",1.1326285575967e-05,0.00370305438664079
