"","a","t","c","g"
"syn",0.000619696040451402,0.000529907773862305,0.000459489364714615,0.000438547526157116
"nonsyn",0.000951374428031693,0.00090849928341334,0.000804854660935464,0.000669880469579264
"stop",NA,NA,0.000797947749054931,0.0006735025279368
"syn_noncpg",0.000591150195805594,0.000509137026376997,0.000459489364714615,0.000438547526157116
"nonsyn_noncpg",0.000947571516759931,0.000905239487435329,0.000804854660935464,0.000669880469579264
"stop_noncpg",NA,NA,0.000797947749054931,0.0006735025279368
"syn_cpg",0.000662259933807206,0.000563660238525932,NA,NA
"nonsyn_cpg",0.000958476044361657,0.000914286930439113,NA,NA
"stop_cpg",NA,NA,NA,NA
